Workbook

Sheet Calculadora
A1: Calculadora de Troca SLM
A2: Preencha somente os campos em vermelho claro. A lógica considera a composição do pedido principal e da nova compra (SLM, workbook, Matemática Aplicada e Pearson selecionados). O voucher aplicado no SLM altera o valor efetivamente pago e, por isso, altera o crédito disponível na loja. Juros não mudam a composição do material, mas entram no crédito financeiro.
A4: Pedido principal | D4: Detalhamento do pedido principal | G4: Nova compra | Q4: Regra usada na calculadora
A5: Turma | B5: Year 3 | D5: SLM base | E5: =INDEX(Base!$A$2:$H$18,MATCH($B$5,Base!$A$2:$A$18,0),2) -> 4065 | G5: Turma | H5: Senior Kindergarten | Q5: Importante: a análise da troca considera a composição do pedido principal e da nova compra (SLM, workbook, Matemática Aplicada e Pearson selecionados), além do valor efetivamente pago. O voucher aplicado no SLM altera o valor que ficará disponível na loja. Os juros não mudam a composição do material, mas compõem o crédito financeiro. Se sobrar saldo na loja, a troca não pode seguir. Se faltar valor para a nova compra, a troca pode seguir com pagamento da diferença.
A6: Pearson Math? | B6: Não | D6: Workbook obrigatório | E6: =INDEX(Base!$A$2:$H$18,MATCH($B$5,Base!$A$2:$A$18,0),3) -> 81 | G6: Pearson Math? | H6: Não
A7: Pearson Science? | B7: Não | D7: Matemática Aplicada | E7: =INDEX(Base!$A$2:$H$18,MATCH($B$5,Base!$A$2:$A$18,0),4) -> 0 | G7: Pearson Science? | H7: Não
A8: Voucher no SLM (R$) | B8: 0 | D8: Pearson Math | E8: =IF($B$6="Sim",INDEX(Base!$A$2:$H$18,MATCH($B$5,Base!$A$2:$A$18,0),5),0) -> 0 | G8: Voucher no SLM (R$) | H8: 0
A9: Teve juros? | B9: Não | D9: Pearson Science | E9: =IF($B$7="Sim",INDEX(Base!$A$2:$H$18,MATCH($B$5,Base!$A$2:$A$18,0),6),0) -> 0
A10: Valor dos juros (R$) | B10: 0 | D10: Valor considerado no pedido principal | E10: =SUM(E5:E9) -> 4146
D11: Valor pago dos materiais | E11: =MAX(E10-$B$8,0) -> 4146 | J11: Valor pago dos materiais | K11: =MAX(E10-$B$8,0) -> 4146
J12: Crédito de juros na loja | K12: =IF($B$9="Sim",$B$10,0) -> 0
J13: Crédito total disponível na loja | K13: =K11+K12 -> 4146
J15: Parcela do saldo que é juros | K15: =MIN(K12,K14) -> 0
A16: Resultado da análise
A17: Pode fazer a troca? | B17: =IF(H15>0,"NÃO PODE TROCAR","PODE TROCAR") -> PODE TROCAR
A19: Bloco operacional — resumo financeiro
A20: Valor dos materiais que ficará disponível na loja | H20: =K11 -> 4146
A21: Valor dos juros que ficará disponível na loja | H21: =K12 -> 0
A22: Valor total que ficará disponível na loja | H22: =K13 -> 4146
A23: Valor da nova compra | H23: =H13 -> 0
A24: Diferença a pagar pelo responsável | H24: =H14 -> 0
A25: Saldo que sobraria na loja | H25: =H15 -> 0
A30: Resumo simples para uso interno
A31: =IF($B$17="PODE TROCAR","Pode seguir com a troca. Pedido principal: "&$B$5&". Nova compra: "&$H$5&". "&IF($H$14>0,"O responsável deverá pagar a diferença de "&TEXT($H$14,"R$ #,##0.00")&". ","Não haverá diferença a pagar. ")&"Após a confirmação da troca, aguardar 24 horas e depois ajustar a matrícula no LEX para liberar o valor na loja.","Não pode seguir com a troca. Pedido principal: "&$B$5&". Nova compra: "&$H$5&". Sobraria saldo de "&TEXT($H$15,"R$ #,##0.00")&" na loja. Por isso, será necessário cancelar o pedido principal e, após 24 horas, realizar a matrícula correta no LEX para nova compra integral.") -> Pode seguir com a troca. Pedido principal: Year 3. Nova compra: Senior Kindergarten. Não haverá diferença a pagar. Após a confirmação da troca, aguardar 24 horas e depois ajustar a matrícula no LEX para liberar o valor na loja.
A35: Mensagem pronta para envio à escola
A36: =IF($B$17="PODE TROCAR","Vamos seguir com a troca neste caso. O pedido principal foi realizado para a turma "&$B$5&", no valor de "&TEXT($K$13,"R$ #,##0.00")&", e a nova compra será para a turma "&$H$5&", no valor de "&TEXT($H$13,"R$ #,##0.00")&". Após a análise da composição do pedido principal, da nova compra e do valor efetivamente pago, identificamos que é possível seguir com a troca neste cenário. "&IF($H$14>0,"Como o valor disponível na loja é menor que o valor da nova compra, será necessário que o responsável realize o pagamento da diferença de "&TEXT($H$14,"R$ #,##0.00")&" para concluir a compra do material correto. ","Como o valor disponível na loja é suficiente para a nova compra, não haverá diferença a pagar pelo responsável. ")&_xlfn._LONGTEXT("Após a confirmação da troca, será necessário aguardar 24 horas e, depois desse prazo, a escola deverá realizar o ajuste da matrícula do(a) aluno(a) na turma correta dentro do LEX. Somente após esse ajuste o valor ficará disponível na loja para realização ","da nova compra. Antes desse prazo, não deve ser feita nenhuma alteração no LEX. No momento da compra, orientem o responsável a verificar se o valor foi abatido corretamente antes de finalizar o pedido."),"Não será possível seguir com a troca neste caso. O pedido principal foi realizado para a turma "&$B$5&", no valor de "&TEXT($K$13,"R$ #,##0.00")&", e a nova compra seria para a turma "&$H$5&", no valor de "&TEXT($H$13,"R$ #,##0.00")&". Após a análise da composição do pedido principal, da nova compra e do valor efetivamente pago, identificamos que a nova operação geraria saldo remanescente na loja. Como sobraria o valor de "&TEXT($H$15,"R$ #,##0.00")&_xlfn._LONGTEXT(" na loja, esse saldo não pode ficar disponível na loja. Por esse motivo, será necessário seguir com o cancelamento do pedido principal. Com isso, após seguirmos com o cancelamento do pedido principal, será necessário aguardar 24 horas. Após esse prazo, a ","escola deverá realizar a matrícula do(a) aluno(a) na turma correta dentro do LEX e, somente após esse ajuste, o material correto ficará disponível na loja para uma nova compra. Neste caso, o responsável deverá realizar a compra integral do novo material, ","conforme o valor do novo pedido.")) -> Vamos seguir com a troca neste caso. O pedido principal foi realizado para a turma Year 3, no valor de R$ 4146,000, e a nova compra será para a turma Senior Kindergarten, no valor de R$ ,000. Após a análise da composição do pedido principal, da nova compra e do valor efetivamente pago, identificamos que é possível seguir com a troca neste cenário. Como o valor disponível na loja é suficiente para a nova compra, não haverá diferença a pagar pelo responsável. Após a confirmação da troca, será necessário aguardar 24 horas e, depois desse prazo, a escola deverá realizar o ajuste da matrícula do(a) aluno(a) na turma correta dentro do LEX. Somente após esse ajuste o valor ficará disponível na loja para realização da nova compra. Antes desse prazo, não deve ser feita nenhuma alteração no LEX. No momento da compra, orientem o responsável a verificar se o valor foi abatido corretamente antes de finalizar o pedido.
A44: Mensagem pronta para envio ao responsável
A45: =IF($B$17="PODE TROCAR","Vamos seguir com a troca do material neste caso. O pedido principal foi realizado para a turma "&$B$5&", no valor de "&TEXT($K$13,"R$ #,##0.00")&", e a nova compra será para a turma "&$H$5&", no valor de "&TEXT($H$13,"R$ #,##0.00")&". Após a análise da composição do pedido principal, da nova compra e do valor efetivamente pago, identificamos que é possível seguir com a troca neste cenário. "&IF($H$14>0,"Como o valor disponível na loja é menor que o valor da nova compra, será necessário realizar o pagamento da diferença de "&TEXT($H$14,"R$ #,##0.00")&". ","Como o valor disponível na loja é suficiente para a nova compra, não haverá diferença a pagar. ")&_xlfn._LONGTEXT("Após a confirmação da troca, será necessário aguardar 24 horas e, depois desse prazo, avisar a escola para que ela realize o ajuste da matrícula na turma correta dentro do LEX. Somente após esse ajuste o valor ficará disponível na loja para realização da ","nova compra. Antes de finalizar o pedido, orientamos que seja verificado se o valor foi abatido corretamente."),"Não será possível seguir com a troca do material neste caso. O pedido principal foi realizado para a turma "&$B$5&", no valor de "&TEXT($K$13,"R$ #,##0.00")&", e a nova compra seria para a turma "&$H$5&", no valor de "&TEXT($H$13,"R$ #,##0.00")&". Após a análise da composição do pedido principal, da nova compra e do valor efetivamente pago, identificamos que a nova operação geraria saldo remanescente na loja. Como sobraria o valor de "&TEXT($H$15,"R$ #,##0.00")&_xlfn._LONGTEXT(" na loja, esse saldo não pode ficar disponível na loja. Por esse motivo, será necessário seguir com o cancelamento do pedido principal. Com isso, após seguirmos com o cancelamento do pedido principal, será necessário aguardar 24 horas. Após esse prazo, pe","dimos que entre em contato com a escola para que ela realize a matrícula na turma correta dentro do LEX e, somente após esse ajuste, o material correto ficará disponível na loja para uma nova compra. Neste caso, será necessário realizar a compra integral ","do novo material, conforme o valor do novo pedido.")) -> Vamos seguir com a troca do material neste caso. O pedido principal foi realizado para a turma Year 3, no valor de R$ 4146,000, e a nova compra será para a turma Senior Kindergarten, no valor de R$ ,000. Após a análise da composição do pedido principal, da nova compra e do valor efetivamente pago, identificamos que é possível seguir com a troca neste cenário. Como o valor disponível na loja é suficiente para a nova compra, não haverá diferença a pagar. Após a confirmação da troca, será necessário aguardar 24 horas e, depois desse prazo, avisar a escola para que ela realize o ajuste da matrícula na turma correta dentro do LEX. Somente após esse ajuste o valor ficará disponível na loja para realização da nova compra. Antes de finalizar o pedido, orientamos que seja verificado se o valor foi abatido corretamente.

Sheet Base
A1: Base de valores e regra geral
A2: Os valores abaixo detalham SLM base, workbook obrigatório, Matemática Aplicada e Pearson por turma. O voucher é aplicado somente no SLM base e altera o valor efetivamente pago. Juros não alteram a composição do material, mas entram como crédito financeiro disponível na loja.
A4: Turma | B4: SLM base | C4: Workbook obrigatório | D4: Matemática Aplicada | E4: Pearson Math | F4: Pearson Science | G4: Total obrigatório | H4: Total com todos os Pearson
A5: Early Toddler (Bear Care) | B5: 2999 | C5: 0 | D5: 0 | E5: 0 | F5: 0 | G5: =SUM(B2:D2) -> 0 | H5: =SUM(B2:F2) -> 0
A6: Toddler | B6: 2999 | C6: 0 | D6: 0 | E6: 0 | F6: 0 | G6: =SUM(B3:D3) -> 0 | H6: =SUM(B3:F3) -> 0
A7: Nursery | B7: 3222 | C7: 0 | D7: 0 | E7: 0 | F7: 0 | G7: =SUM(B4:D4) -> 0 | H7: =SUM(B4:F4) -> 0
A8: Junior Kindergarten | B8: 3828 | C8: 0 | D8: 0 | E8: 0 | F8: 0 | G8: =SUM(B5:D5) -> 2999 | H8: =SUM(B5:F5) -> 2999
A9: Senior Kindergarten | B9: 3828 | C9: 0 | D9: 0 | E9: 0 | F9: 0 | G9: =SUM(B6:D6) -> 2999 | H9: =SUM(B6:F6) -> 2999
A10: Year 1 | B10: 4065 | C10: 147 | D10: 0 | E10: 0 | F10: 0 | G10: =SUM(B7:D7) -> 3222 | H10: =SUM(B7:F7) -> 3222
A11: Year 2 | B11: 4065 | C11: 126 | D11: 0 | E11: 0 | F11: 0 | G11: =SUM(B8:D8) -> 3828 | H11: =SUM(B8:F8) -> 3828
A12: Year 3 | B12: 4065 | C12: 81 | D12: 0 | E12: 366 | F12: 0 | G12: =SUM(B9:D9) -> 3828 | H12: =SUM(B9:F9) -> 3828
A13: Year 4 | B13: 4065 | C13: 66 | D13: 0 | E13: 366 | F13: 283 | G13: =SUM(B10:D10) -> 4212 | H13: =SUM(B10:F10) -> 4212
A14: Year 5 | B14: 4065 | C14: 66 | D14: 0 | E14: 366 | F14: 283 | G14: =SUM(B11:D11) -> 4191 | H14: =SUM(B11:F11) -> 4191
A15: Year 6 | B15: 4182 | C15: 66 | D15: 165 | E15: 366 | F15: 319 | G15: =SUM(B12:D12) -> 4146 | H15: =SUM(B12:F12) -> 4512
A16: Year 7 | B16: 4182 | C16: 66 | D16: 165 | E16: 486 | F16: 314 | G16: =SUM(B13:D13) -> 4131 | H16: =SUM(B13:F13) -> 4780
... A21: Year 12 | B21: 4485 | C21: 0 | D21: 0 | E21: 0 | F21: 0 | G21: =SUM(B18:D18) -> 4413 | H21: =SUM(B18:F18) -> 5140
